volume,preproc,filter,threshold,combo,thresh_value,filt_time,pct_score,tumor_score,conn_score,size_score,total,n_vessel,pct,tumor_overlap,n_components,mean_size
volume-79,none,frangi,pct85,none+frangi+pct85,0.015543169341981411,43.006059885025024,1.0,0.9498138117806364,0.1,0.4,0.684944143534191,72200,8.56328887223146,0.050186188219363576,4300,16.790697674418606
volume-79,none,frangi,otsu,none+frangi+otsu,0.04812337085604668,43.006059885025024,0.6010456226412408,0.9791807718348002,0.1,0.1,0.5140679183428123,17039,2.0209124528248177,0.020819228165199728,2033,8.381210034431874
volume-79,none,frangi,adaptive,none+frangi+adaptive,0.05019254796206951,43.006059885025024,0.5942732709154179,0.9797731888964116,0.1,0.1,0.5122139379435489,15897,1.885465418308359,0.020226811103588354,1937,8.20702116675271
volume-79,none,sato,pct85,none+sato+pct85,0.04263109900057316,41.85524082183838,1.0,0.9399966147596479,0.22199999999999998,1.0,0.8263989844278943,107138,12.707114171650058,0.060003385240352064,539,198.7717996289425
volume-79,none,sato,otsu,none+sato+otsu,0.032995909452438354,41.85524082183838,0.4565181809771637,0.9102911306702776,0.22599999999999998,1.0,0.6552427934942324,175959,20.869636380456726,0.08970886932972241,537,327.6703910614525
volume-79,none,sato,adaptive,none+sato+adaptive,0.06342674046754837,41.85524082183838,0.5,0.9735104942450914,1.0,1.0,0.8420531482735274,38153,4.525140724961869,0.026489505754908597,131,291.2442748091603
volume-79,none,meijering,pct85,none+meijering+pct85,0.49332777261734007,43.08846426010132,1.0,0.9755416384563304,1.0,1.0,0.9926624915368991,106956,12.685528041805929,0.0244583615436696,66,1620.5454545454545
volume-79,none,meijering,otsu,none+meijering+otsu,0.2916972041130066,43.08846426010132,0.0,0.8254908598510494,1.0,1.0,0.6476472579553147,281579,33.39670799659366,0.17450914014895058,125,2252.632
volume-79,none,meijering,adaptive,none+meijering+adaptive,0.6237446963787079,43.08846426010132,0.5737427265416886,0.9947528774542993,1.0,1.0,0.8705486811987964,12435,1.4748545308337702,0.005247122545700745,122,101.92622950819673
volume-79,none,hessian,pct85,none+hessian+pct85,1.0,43.399202823638916,0.0,0.0,0.0,0.0,0.0,0,0.0,0.0,0,0.0
volume-79,none,hessian,otsu,none+hessian+otsu,0.001953125,43.399202823638916,0.0,0.17095463777928233,0.1,1.0,0.27128639133378474,416155,49.358109149909744,0.8290453622207177,2460,169.16869918699186
volume-79,none,hessian,adaptive,none+hessian+adaptive,1.493498295545578,43.399202823638916,0.0,0.0,0.0,0.0,0.0,0,0.0,0.0,0,0.0
volume-79,percentile,frangi,pct85,percentile+frangi+pct85,0.01727577531710267,43.05578827857971,1.0,0.9520142180094787,0.1,0.4,0.6856042654028436,71722,8.506595630113363,0.04798578199052133,4798,14.948311796581908
volume-79,percentile,frangi,otsu,percentile+frangi+otsu,0.04216424748301506,43.05578827857971,0.6219082613202647,0.9774035206499662,0.1,0.1,0.5197935345910693,20557,2.4381652264052924,0.022596479350033852,2787,7.376031575170434
volume-79,percentile,frangi,adaptive,percentile+frangi+adaptive,0.049095313996076584,43.05578827857971,0.5930516382923712,0.9804502369668247,0.1,0.1,0.5120505625777587,15691,1.8610327658474217,0.019549763033175356,2290,6.851965065502183
volume-79,percentile,sato,pct85,percentile+sato+pct85,0.05620441492646931,41.83840608596802,1.0,0.946513202437373,0.15000000000000002,1.0,0.8139539607312118,106589,12.64199996679057,0.05348679756262695,575,185.37217391304347
volume-79,percentile,sato,otsu,percentile+sato+otsu,0.04404284805059433,41.83840608596802,0.46375902288366966,0.9170616113744076,0.04200000000000004,1.0,0.6226461902774232,174738,20.724819542326607,0.08293838862559241,629,277.8028616852146
volume-79,percentile,sato,adaptive,percentile+sato+adaptive,0.08320839703083038,41.83840608596802,0.5,0.9768957345971564,1.0,1.0,0.8430687203791469,36896,4.3760541029065365,0.0231042654028436,147,250.99319727891157
volume-79,percentile,meijering,pct85,percentile+meijering+pct85,0.48521578311920166,42.26083278656006,1.0,0.9768957345971564,1.0,1.0,0.9930687203791468,106431,12.623260359563249,0.0231042654028436,66,1612.590909090909
volume-79,percentile,meijering,otsu,percentile+meijering+otsu,0.2918095290660858,42.26083278656006,0.0,0.8557887610020312,1.0,1.0,0.6567366283006093,271344,32.18278470563398,0.14421123899796887,159,1706.566037735849
volume-79,percentile,meijering,adaptive,percentile+meijering+adaptive,0.611277848482132,42.26083278656006,0.5878092924730826,0.9951760324983073,1.0,0.7,0.814895597491417,14807,1.7561858494616513,0.00482396750169262,180,82.2611111111111
volume-79,percentile,hessian,pct85,percentile+hessian+pct85,1.0,43.61048221588135,0.0,0.0,0.0,0.0,0.0,0,0.0,0.0,0,0.0
volume-79,percentile,hessian,otsu,percentile+hessian+otsu,0.001953125,43.61048221588135,0.0,0.16266079891672314,0.1,1.0,0.2687982396750169,399976,47.43919709085389,0.8373392010832769,2161,185.08838500694122
volume-79,percentile,hessian,adaptive,percentile+hessian+adaptive,1.4730787873268127,43.61048221588135,0.0,0.0,0.0,0.0,0.0,0,0.0,0.0,0,0.0
volume-79,clahe,frangi,pct85,clahe+frangi+pct85,0.05523510184139013,43.43555474281311,1.0,0.97968855788761,0.1,0.4,0.693906567366283,66630,7.902658414913881,0.020311442112389978,6408,10.397940074906368
volume-79,clahe,frangi,otsu,clahe+frangi+otsu,0.05943493917584419,43.43555474281311,1.0,0.9811272850372377,0.1,0.1,0.6343381855111714,60737,7.203718507378424,0.018872714962762355,6487,9.362879605364576
volume-79,clahe,frangi,adaptive,clahe+frangi+adaptive,0.10653089173138142,43.43555474281311,0.6346405197750298,0.9899289099526066,0.1,0.1,0.5273708289182909,22704,2.6928103955005964,0.010071090047393365,4743,4.786843769765971
volume-79,clahe,sato,pct85,clahe+sato+pct85,0.06655628308653831,42.46955156326294,1.0,0.9711408259986459,0.1,0.7,0.7513422477995938,103631,12.291166054268954,0.028859174001354095,2393,43.30589218554116
volume-79,clahe,sato,otsu,clahe+sato+otsu,0.04830444976687431,42.46955156326294,0.13715020388218235,0.9414353419092756,0.1,1.0,0.5435756637374374,229813,27.256995922356353,0.05856465809072444,2083,110.32789246279405
volume-79,clahe,sato,adaptive,clahe+sato+adaptive,0.09300889819860458,42.46955156326294,0.5,0.989167230873392,0.0,0.7,0.5867501692620176,29304,3.475604115122863,0.010832769126607989,663,44.199095022624434
volume-79,clahe,meijering,pct85,clahe+meijering+pct85,0.4706931412220001,42.64802360534668,1.0,0.9713947190250508,0.1,0.7,0.7514184157075153,103086,12.2265262698456,0.028605280974949222,1317,78.27334851936219
volume-79,clahe,meijering,otsu,clahe+meijering+otsu,0.3230694532394409,42.64802360534668,0.0,0.9105450236966824,0.1,1.0,0.49316350710900475,282127,33.461703596344115,0.08945497630331753,1733,162.79688401615695
volume-79,clahe,meijering,adaptive,clahe+meijering+adaptive,0.6062517464160919,42.64802360534668,0.631129808547633,0.9911137440758294,0.5880000000000001,0.7,0.7442730657870388,22112,2.62259617095266,0.008886255924170616,356,62.1123595505618
volume-79,clahe,hessian,pct85,clahe+hessian+pct85,1.0,43.36086392402649,0.0,0.0,0.0,0.0,0.0,0,0.0,0.0,0,0.0
volume-79,clahe,hessian,otsu,clahe+hessian+otsu,0.001953125,43.36086392402649,0.0,0.13371699390656733,0.1,1.0,0.2601150981719702,408949,48.503440734213065,0.8662830060934327,1834,222.98200654307524
volume-79,clahe,hessian,adaptive,clahe+hessian+adaptive,1.4845849871635437,43.36086392402649,0.0,0.0,0.0,0.0,0.0,0,0.0,0.0,0,0.0
volume-111,none,frangi,pct85,none+frangi+pct85,0.021565239876508706,67.87727952003479,1.0,0.9912280701754386,0.1,0.1,0.6373684210526316,128293,8.538152583714066,0.008771929824561403,13194,9.72358647870244
volume-111,none,frangi,otsu,none+frangi+otsu,0.029943279922008514,67.87727952003479,1.0,0.9958228905597326,0.1,0.1,0.6387468671679197,83725,5.572064142793918,0.004177109440267335,11957,7.0021744584762065
volume-111,none,frangi,adaptive,none+frangi+adaptive,0.047320276498794556,67.87727952003479,0.6270443934952099,0.9979114452798663,0.1,0.1,0.5274867516325229,38179,2.5408878699041986,0.0020885547201336674,7735,4.9358758888170655
volume-111,none,sato,pct85,none+sato+pct85,0.05544072948396206,65.13382291793823,1.0,0.9970760233918129,0.1,0.7,0.7591228070175439,191718,12.759211625299068,0.0029239766081871343,2169,88.39004149377594
volume-111,none,sato,otsu,none+sato+otsu,0.041099075227975845,65.13382291793823,0.32307490092074664,0.9828738512949039,0.1,0.7,0.5517846256646951,353686,23.538501981585068,0.017126148705096073,4471,79.10668754193692
volume-111,none,sato,adaptive,none+sato+adaptive,0.0785418227314949,65.13382291793823,0.5,1.0,0.1,0.7,0.61,61319,4.080900581331505,0.0,1336,45.89745508982036
volume-111,none,meijering,pct85,none+meijering+pct85,0.48214659094810486,66.26363229751587,1.0,1.0,0.0,1.0,0.8,194352,12.934509528579081,0.0,827,235.00846432889963
volume-111,none,meijering,otsu,none+meijering+otsu,0.2973927855491638,66.26363229751587,0.0,0.9632414369256475,0.1,1.0,0.5089724310776942,476531,31.714079403161886,0.036758563074352546,1998,238.504004004004
volume-111,none,meijering,adaptive,none+meijering+adaptive,0.6004484295845032,66.26363229751587,0.568481982716452,1.0,0.1,0.4,0.5705445948149357,20580,1.3696396543290397,0.0,1479,13.914807302231237
volume-111,none,hessian,pct85,none+hessian+pct85,1.0,68.0186779499054,0.0,0.0,0.0,0.0,0.0,0,0.0,0.0,0,0.0
volume-111,none,hessian,otsu,none+hessian+otsu,0.001953125,68.0186779499054,0.0,0.06766917293233088,0.1,0.7,0.18030075187969924,717096,47.72415537224184,0.9323308270676691,7387,97.07540273453364
volume-111,none,hessian,adaptive,none+hessian+adaptive,1.476203978061676,68.0186779499054,0.0,0.0,0.0,0.0,0.0,0,0.0,0.0,0,0.0
volume-111,percentile,frangi,pct85,percentile+frangi+pct85,0.05561329815536737,68.306800365448,1.0,0.9974937343358397,0.1,0.1,0.6392481203007518,118558,7.890269102912647,0.002506265664160401,14859,7.978868026112121
volume-111,percentile,frangi,otsu,percentile+frangi+otsu,0.05669159069657326,68.306800365448,1.0,0.9974937343358397,0.1,0.1,0.6392481203007518,115815,7.707717034310871,0.002506265664160401,14884,7.781174415479709
volume-111,percentile,frangi,adaptive,percentile+frangi+adaptive,0.10379237681627274,68.306800365448,0.6398223727775799,1.0,0.1,0.1,0.531946711833274,42019,2.7964474555515992,0.0,11149,3.7688581935599603
volume-111,percentile,sato,pct85,percentile+sato+pct85,0.06392566412687302,64.6467616558075,1.0,0.9987468671679198,0.1,0.4,0.699624060150376,187207,12.4589956641388,0.0012531328320802004,7692,24.337883515340614
volume-111,percentile,sato,otsu,percentile+sato+otsu,0.044696711003780365,64.6467616558075,0.0,0.985797827903091,0.1,1.0,0.5157393483709274,460293,30.63340842614561,0.014202172096908938,4045,113.79307787391842
volume-111,percentile,sato,adaptive,percentile+sato+adaptive,0.0867299847304821,64.6467616558075,0.5,1.0,0.1,0.1,0.49,48508,3.2283032241104497,0.0,5065,9.577097729516288
volume-111,percentile,meijering,pct85,percentile+meijering+pct85,0.39915691614151,65.15276837348938,1.0,1.0,0.1,0.7,0.76,187254,12.462123606983964,0.0,4549,41.16377225763904
volume-111,percentile,meijering,otsu,percentile+meijering+otsu,0.2780805230140686,65.15276837348938,0.0,0.9958228905597326,0.1,0.7,0.4587468671679198,486698,32.390713337348636,0.004177109440267335,5221,93.21930664623635
volume-111,percentile,meijering,adaptive,percentile+meijering+adaptive,0.5126098990440369,65.15276837348938,0.6408838767856727,1.0,0.1,0.4,0.5922651630357019,42338,2.817677535713454,0.0,1948,21.734086242299796
volume-111,percentile,hessian,pct85,percentile+hessian+pct85,1.0,67.86003684997559,0.0,0.0,0.0,0.0,0.0,0,0.0,0.0,0,0.0
volume-111,percentile,hessian,otsu,percentile+hessian+otsu,0.001953125,67.86003684997559,0.0,0.035923141186299135,0.1,1.0,0.23077694235588975,741697,49.361400519770925,0.9640768588137009,3485,212.82553802008607
volume-111,percentile,hessian,adaptive,percentile+hessian+adaptive,1.4935299456119537,67.86003684997559,0.0,0.0,0.0,0.0,0.0,0,0.0,0.0,0,0.0
volume-111,clahe,frangi,pct85,clahe+frangi+pct85,0.0701451823115349,67.7153069972992,1.0,0.9983291562238931,0.1,0.1,0.639498746867168,120856,8.043205542448513,0.001670843776106934,16731,7.2234773773235315
volume-111,clahe,frangi,otsu,clahe+frangi+otsu,0.06525322794914246,67.7153069972992,1.0,0.9983291562238931,0.1,0.1,0.639498746867168,132773,8.836305433636033,0.001670843776106934,16294,8.148582300233215
volume-111,clahe,frangi,adaptive,clahe+frangi+adaptive,0.12298285588622093,67.7153069972992,0.6478185926253757,1.0,0.1,0.1,0.5343455777876127,44422,2.956371852507512,0.0,13465,3.2990716672855553
volume-111,clahe,sato,pct85,clahe+sato+pct85,0.0769430436193943,65.44833278656006,1.0,0.9991645781119465,0.1,0.4,0.699749373433584,186485,12.410945137879056,0.000835421888053467,8691,21.457254631227705
volume-111,clahe,sato,otsu,clahe+sato+otsu,0.05258133262395859,65.44833278656006,0.0,0.9924812030075187,0.1,1.0,0.5177443609022556,497411,33.103684650119625,0.007518796992481203,3757,132.3957945169018
volume-111,clahe,sato,adaptive,clahe+sato+adaptive,0.10279636830091476,65.44833278656006,0.5,1.0,0.1,0.1,0.49,45860,3.0520735931744296,0.0,5306,8.643045608744817
volume-111,clahe,meijering,pct85,clahe+meijering+pct85,0.45463660955429075,66.08015513420105,1.0,1.0,0.1,0.4,0.7,187646,12.488211981352137,0.0,6320,29.690822784810127
volume-111,clahe,meijering,otsu,clahe+meijering+otsu,0.30641767382621765,66.08015513420105,0.0,0.9979114452798663,0.1,1.0,0.5193734335839599,548669,36.51500580665986,0.0020885547201336674,4123,133.0751879699248
volume-111,clahe,meijering,adaptive,clahe+meijering+adaptive,0.5757643282413483,66.08015513420105,0.5912926722947454,1.0,0.1,0.4,0.5773878016884236,27435,1.8258534458949078,0.0,2395,11.455114822546973
volume-111,clahe,hessian,pct85,clahe+hessian+pct85,1.0,67.43161630630493,0.0,0.0,0.0,0.0,0.0,0,0.0,0.0,0,0.0
volume-111,clahe,hessian,otsu,clahe+hessian+otsu,0.001953125,67.43161630630493,0.0,0.040517961570593175,0.1,1.0,0.23215538847117798,715790,47.63723849233155,0.9594820384294068,5774,123.96778662971943
volume-111,clahe,hessian,adaptive,clahe+hessian+adaptive,1.475253164768219,67.43161630630493,0.0,0.0,0.0,0.0,0.0,0,0.0,0.0,0,0.0
