name,shape_x,shape_y,shape_z,spacing_x,spacing_y,spacing_z,total_voxels_M,liver_pct,tumor_pct,liver_slices,tumor_slices,has_tumor
volume-0.nii,512,512,75,0.703,0.703,5.0,19.7,2.811,0.0132,29,16,True
volume-1.nii,512,512,123,0.676,0.676,5.0,32.2,2.019,0.0223,29,18,True
volume-10.nii,512,512,501,0.77,0.77,1.0,131.3,2.194,0.0185,181,81,True
volume-100.nii,512,512,685,0.699,0.699,0.7,179.6,3.66,0.8741,276,235,True
volume-101.nii,512,512,683,0.705,0.705,0.7,179.0,3.831,0.2114,259,192,True
volume-102.nii,512,512,677,0.717,0.717,0.7,177.5,2.879,0.0269,266,45,True
volume-103.nii,512,512,683,0.855,0.855,0.7,179.0,1.369,0.0423,214,64,True
volume-104.nii,512,512,781,0.781,0.781,0.8,204.7,1.576,0.1348,194,122,True
volume-105.nii,512,512,986,0.844,0.844,0.7,258.5,1.362,0.0,239,0,False
volume-106.nii,512,512,771,0.729,0.729,0.8,202.1,1.144,0.0,168,0,False
volume-107.nii,512,512,771,0.782,0.782,0.8,202.1,1.557,0.0029,248,72,True
volume-108.nii,512,512,856,0.729,0.729,0.8,224.4,2.165,0.6484,205,202,True
volume-109.nii,512,512,756,0.763,0.763,0.8,198.2,1.611,0.0367,194,131,True
volume-11.nii,512,512,466,0.672,0.672,1.0,122.2,2.672,0.0086,167,53,True
volume-110.nii,512,512,816,0.72,0.72,0.8,213.9,1.506,0.0582,189,130,True
volume-12.nii,512,512,455,0.654,0.654,1.0,119.3,3.526,0.0007,189,9,True
volume-13.nii,512,512,605,0.848,0.848,1.0,158.6,1.198,0.0149,142,63,True
volume-14.nii,512,512,588,0.686,0.686,1.0,154.1,1.975,0.0017,139,16,True
volume-15.nii,512,512,565,0.654,0.654,1.0,148.1,2.186,0.0006,133,12,True
volume-16.nii,512,512,689,0.703,0.703,0.8,180.6,1.959,0.2066,187,120,True
volume-17.nii,512,512,826,0.744,0.744,0.8,216.5,1.672,0.0174,198,53,True
volume-18.nii,512,512,845,0.922,0.922,0.8,221.5,0.877,0.0046,189,44,True
volume-19.nii,512,512,547,0.752,0.752,0.8,143.4,2.706,0.0129,188,48,True
volume-2.nii,512,512,517,0.775,0.775,1.0,135.5,2.362,0.0104,139,29,True
volume-20.nii,512,512,574,0.803,0.803,0.8,150.5,2.431,0.0011,194,22,True
volume-21.nii,512,512,437,0.768,0.768,1.0,114.6,2.641,0.0317,175,68,True
volume-22.nii,512,512,247,0.977,0.977,3.27,64.7,0.666,0.0146,46,12,True
volume-23.nii,512,512,391,0.66,0.66,1.2,102.5,2.336,0.0419,116,32,True
volume-24.nii,512,512,276,0.67,0.67,1.5,72.4,2.823,0.002,118,7,True
volume-25.nii,512,512,601,0.768,0.768,0.7,157.5,1.92,0.0003,232,11,True
volume-26.nii,512,512,668,0.863,0.863,0.7,175.1,1.335,0.0296,192,85,True
volume-27.nii,512,512,861,0.738,0.738,0.7,225.7,1.493,0.0832,229,144,True
volume-28.nii,512,512,129,1.0,1.0,1.0,33.8,8.473,0.6336,98,74,True
volume-29.nii,512,512,172,1.0,1.0,1.0,45.1,3.655,0.0312,114,22,True
volume-3.nii,512,512,534,0.693,0.693,1.0,140.0,2.319,0.002,169,15,True
volume-30.nii,512,512,200,1.0,1.0,1.0,52.4,4.53,0.0272,123,18,True
volume-31.nii,512,512,91,1.0,1.0,1.0,23.9,4.747,0.0282,67,37,True
volume-32.nii,512,512,139,1.0,1.0,1.0,36.4,5.83,0.0,119,0,False
volume-33.nii,512,512,135,1.0,1.0,1.0,35.4,5.167,1.2284,96,78,True
volume-34.nii,512,512,151,1.0,1.0,1.0,39.6,3.693,0.0,98,0,False
volume-35.nii,512,512,124,1.0,1.0,1.0,32.5,9.891,0.0625,116,29,True
volume-36.nii,512,512,111,1.0,1.0,1.0,29.1,4.349,0.1357,89,30,True
volume-37.nii,512,512,122,1.0,1.0,1.0,32.0,5.853,0.0468,99,48,True
volume-38.nii,512,512,132,1.0,1.0,1.0,34.6,4.892,0.0,96,0,False
volume-39.nii,512,512,260,1.0,1.0,1.0,68.2,4.903,0.512,239,76,True
volume-4.nii,512,512,841,0.902,0.902,0.8,220.5,2.19,0.6878,250,244,True
volume-40.nii,512,512,122,1.0,1.0,1.0,32.0,6.451,0.383,90,54,True
volume-41.nii,512,512,113,1.0,1.0,1.0,29.6,5.515,0.0,104,0,False
volume-42.nii,512,512,125,1.0,1.0,1.0,32.8,4.241,0.005,115,7,True
volume-43.nii,512,512,155,1.0,1.0,1.0,40.6,6.687,0.0181,113,15,True
volume-44.nii,512,512,119,1.0,1.0,1.0,31.2,6.753,0.5962,113,36,True
volume-45.nii,512,512,74,1.0,1.0,1.0,19.4,6.292,0.0234,59,11,True
volume-46.nii,512,512,124,1.0,1.0,1.0,32.5,1.794,0.1274,41,33,True
volume-47.nii,512,512,225,1.0,1.0,1.0,59.0,2.305,0.0,85,0,False
volume-48.nii,512,512,244,0.977,0.977,2.5,64.0,1.39,0.0555,69,27,True
volume-49.nii,512,512,254,0.955,0.955,2.5,66.6,1.095,0.012,73,23,True
volume-5.nii,512,512,537,0.969,0.969,0.8,140.8,1.359,0.0004,176,11,True
volume-50.nii,512,512,240,0.906,0.906,2.5,62.9,1.13,0.0048,64,7,True
volume-51.nii,512,512,227,0.902,0.902,3.0,59.5,1.313,0.2099,56,35,True
volume-52.nii,512,512,237,0.836,0.836,2.5,62.1,1.223,0.0294,56,21,True
volume-53.nii,512,512,105,0.85,0.85,4.0,27.5,2.031,0.0082,44,10,True
volume-54.nii,512,512,96,0.828,0.828,5.0,25.2,2.09,0.002,29,4,True
volume-55.nii,512,512,192,0.666,0.666,2.5,50.3,3.381,0.0056,92,6,True
volume-56.nii,512,512,239,0.803,0.803,2.0,62.7,2.771,0.4282,91,66,True
volume-57.nii,512,512,366,0.703,0.703,1.25,95.9,3.136,0.0069,149,22,True
volume-58.nii,512,512,212,0.684,0.684,2.0,55.6,2.405,0.0026,83,17,True
volume-59.nii,512,512,216,0.684,0.684,2.0,56.6,2.653,0.0012,77,4,True
volume-6.nii,512,512,518,0.873,0.873,1.0,135.8,1.823,0.0232,186,92,True
volume-60.nii,512,512,244,0.799,0.799,2.0,64.0,2.941,0.0178,79,18,True
volume-61.nii,512,512,193,0.758,0.758,2.5,50.6,2.238,0.0058,61,11,True
volume-62.nii,512,512,188,0.645,0.645,2.0,49.3,2.894,0.0065,89,13,True
volume-63.nii,512,512,104,0.74,0.74,5.0,27.3,2.334,0.0025,37,7,True
volume-64.nii,512,512,230,0.777,0.777,2.0,60.3,3.01,0.297,104,38,True
volume-65.nii,512,512,513,0.625,0.625,0.799,134.5,2.073,0.0012,201,10,True
volume-66.nii,512,512,86,0.713,0.713,5.0,22.5,2.991,0.0103,36,7,True
volume-67.nii,512,512,165,0.711,0.711,2.5,43.3,2.549,0.0012,79,5,True
volume-68.nii,512,512,266,0.666,0.666,2.5,69.7,1.821,0.007,64,9,True
volume-69.nii,512,512,245,0.754,0.754,2.0,64.2,2.531,0.0048,96,10,True
volume-7.nii,512,512,541,0.748,0.748,1.0,141.8,2.162,0.0229,177,83,True
volume-70.nii,512,512,333,0.598,0.598,1.25,87.3,2.707,0.1382,110,51,True
volume-71.nii,512,512,94,0.557,0.557,5.0,24.6,4.373,0.5793,36,20,True
volume-72.nii,512,512,93,0.678,0.678,2.5,24.4,5.101,0.0917,58,17,True
volume-73.nii,512,512,121,0.951,0.951,4.0,31.7,1.772,0.0019,50,4,True
volume-74.nii,512,512,107,0.826,0.826,5.0,28.0,2.654,0.1324,32,10,True
volume-75.nii,512,512,89,0.758,0.758,5.0,23.3,2.622,0.0116,37,12,True
volume-76.nii,512,512,168,0.742,0.742,2.5,44.0,3.261,0.4394,75,59,True
volume-77.nii,512,512,94,0.781,0.781,5.0,24.6,2.528,0.0172,36,8,True
volume-78.nii,512,512,198,0.785,0.785,2.5,51.9,1.952,0.0236,59,36,True
volume-79.nii,512,512,147,0.797,0.797,3.0,38.5,1.713,0.0236,59,18,True
volume-8.nii,512,512,541,0.848,0.848,1.0,141.8,1.864,0.0147,179,81,True
volume-80.nii,512,512,217,0.684,0.684,2.0,56.9,2.609,0.1552,76,30,True
volume-81.nii,512,512,343,0.703,0.703,1.25,89.9,2.609,0.0057,111,14,True
volume-82.nii,512,512,519,0.625,0.625,0.801,136.1,3.578,0.1041,170,60,True
volume-83.nii,512,512,871,0.742,0.742,0.7,228.3,1.294,0.0,215,5,True
volume-84.nii,512,512,733,0.758,0.758,0.7,192.2,2.828,0.2817,258,220,True
volume-85.nii,512,512,630,0.645,0.645,0.7,165.2,4.294,0.0094,276,34,True
volume-86.nii,512,512,647,0.684,0.684,0.7,169.6,3.163,0.0036,280,49,True
volume-87.nii,512,512,896,0.854,0.854,0.8,234.9,1.664,0.0,215,0,False
volume-88.nii,512,512,811,0.756,0.756,0.8,212.6,1.601,0.1195,175,102,True
volume-89.nii,512,512,766,0.637,0.637,0.8,200.8,1.903,0.0,193,0,False
volume-9.nii,512,512,549,0.82,0.82,1.0,143.9,1.599,0.0154,173,80,True
volume-90.nii,512,512,751,0.781,0.781,0.8,196.9,1.785,0.1274,183,164,True
volume-91.nii,512,512,751,0.858,0.858,0.8,196.9,1.413,0.0,189,0,False
volume-92.nii,512,512,836,0.671,0.671,0.8,219.2,1.54,0.0012,179,45,True
volume-93.nii,512,512,696,0.662,0.662,0.8,182.5,2.542,0.1908,234,199,True
volume-94.nii,512,512,917,0.838,0.838,0.7,240.4,1.258,0.026,251,119,True
volume-95.nii,512,512,841,0.738,0.738,0.8,220.5,1.846,0.0012,263,14,True
volume-96.nii,512,512,722,0.746,0.746,0.7,189.3,3.039,0.0214,299,211,True
volume-97.nii,512,512,671,0.723,0.723,0.7,175.9,3.021,0.4123,232,190,True
volume-98.nii,512,512,645,0.734,0.734,0.7,169.1,2.439,0.36,241,141,True
volume-99.nii,512,512,629,0.781,0.781,0.7,164.9,2.24,0.0074,226,91,True
