combo,total,pct_score,tumor_score,conn_score,size_score,pct,tumor_overlap,n_components,mean_size,filt_time
none+meijering+pct85,0.8963312457684496,1.0,0.9877708192281651,0.5,1.0,12.810018785192504,0.0122291807718348,446.5,927.7769594371771,54.676048278808594
percentile+meijering+pct85,0.8765343601895734,1.0,0.9884478672985781,0.55,0.85,12.542691983273606,0.0115521327014218,2307.5,826.877340674274,53.70680058002472
none+sato+pct85,0.792760895722719,1.0,0.9685363190757303,0.16099999999999998,0.85,12.733162898474564,0.0314636809242696,1354.0,143.58092056135922,53.494531869888306
percentile+sato+pct85,0.7567890104407939,1.0,0.9726300348026464,0.125,0.7,12.550497815464684,0.027369965197353574,4133.5,104.85502871419204,53.242583870887756
none+sato+adaptive,0.7260265741367637,0.5,0.9867552471225457,0.55,0.85,4.303020653146687,0.013244752877454299,733.5,168.57086494949033,53.494531869888306
clahe+meijering+pct85,0.7257092078537577,1.0,0.9856973595125254,0.1,0.55,12.357369125598868,0.014302640487474611,3818.5,53.982085652086155,54.364089369773865
clahe+sato+pct85,0.7255458106165888,1.0,0.9851527020552961,0.1,0.55,12.351055596074005,0.014847297944703781,5542.0,32.38157340838443,53.9589421749115
none+meijering+adaptive,0.720546638006866,0.5711123546290703,0.9973764387271497,0.55,0.7,1.4222470925814048,0.0026235612728503725,800.5,57.92051840521398,54.676048278808594
percentile+meijering+adaptive,0.7035803802635594,0.6143465846293776,0.9975880162491537,0.55,0.55,2.2869316925875527,0.00241198375084631,1064.0,51.99759867670545,53.70680058002472
clahe+frangi+pct85,0.6667026571167255,1.0,0.9890088570557516,0.1,0.25,7.972931978681197,0.010991142944248456,11569.5,8.81070872611495,55.57543087005615
percentile+sato+adaptive,0.6665343601895735,0.5,0.9884478672985781,0.55,0.55,3.802178663508493,0.0115521327014218,2606.0,130.28514750421394,53.242583870887756
percentile+frangi+pct85,0.6624261928517977,1.0,0.9747539761726591,0.1,0.25,8.198432366513005,0.025246023827340865,9828.5,11.463589911347015,55.681294322013855
none+frangi+pct85,0.6611562822934113,1.0,0.9705209409780375,0.1,0.25,8.550720727972763,0.02947905902196249,8747.0,13.257142076560523,55.44166970252991
clahe+meijering+adaptive,0.6608304337377312,0.6112112404211891,0.9955568720379147,0.34400000000000003,0.55,2.224224808423784,0.004443127962085308,1375.5,36.78373718655438,54.364089369773865
clahe+frangi+otsu,0.6369184661891697,1.0,0.9897282206305653,0.1,0.1,8.020011970507229,0.010271779369434644,11390.5,8.755730952798896,55.57543087005615
none+sato+otsu,0.6035137095794638,0.38979654094895516,0.9465824909825907,0.16299999999999998,0.85,22.2040691810209,0.05341750901740924,2504.0,203.38853930169472,53.494531869888306
percentile+frangi+otsu,0.5795208274459105,0.8109541306601323,0.9874486274929029,0.1,0.1,5.072941130358082,0.012551372507097126,8835.5,7.578602995325072,55.681294322013855
none+meijering+otsu,0.5783098445165045,0.0,0.8943661483883485,0.55,1.0,32.555393699877776,0.10563385161165156,1061.5,1245.568002002002,54.676048278808594
none+frangi+otsu,0.576407392755366,0.8005228113206204,0.9875018311972664,0.1,0.1,3.796488297809368,0.012498168802733531,6995.0,7.69169224645404,55.44166970252991
percentile+sato+otsu,0.5691927693241753,0.23187951144183483,0.9514297196387493,0.07100000000000002,1.0,25.67911398423611,0.048570280361250676,2337.0,195.79796977956653,53.242583870887756
percentile+meijering+otsu,0.5577417477342645,0.0,0.9258058257808819,0.55,0.85,32.2867490214913,0.0741941742191181,2690.0,899.8926721910427,53.70680058002472
clahe+sato+adaptive,0.5383750846310088,0.5,0.994583615436696,0.05,0.39999999999999997,3.2638388541486463,0.005416384563303994,2984.5,26.421070315684624,53.9589421749115
clahe+frangi+adaptive,0.5308582033529519,0.6412295562002027,0.9949644549763033,0.1,0.1,2.824591124004054,0.005035545023696682,9104.0,4.042957718525763,55.57543087005615
clahe+sato+otsu,0.5306600123198465,0.06857510194109118,0.9669582724583972,0.1,1.0,30.18034028623799,0.033041727541602825,2920.0,121.36184348984793,53.9589421749115
percentile+frangi+adaptive,0.5219986372055163,0.6164370055349755,0.9902251184834123,0.1,0.1,2.3287401106995107,0.009774881516587678,6719.5,5.310411629531072,55.681294322013855
none+frangi+adaptive,0.5198503447880358,0.6106588322053139,0.988842317088139,0.1,0.1,2.213176644106279,0.01115768291186101,4836.0,6.571448527784888,55.44166970252991
clahe+meijering+otsu,0.5062684703464824,0.0,0.9542282344882744,0.1,1.0,34.98835470150199,0.0457717655117256,2928.0,147.9360359930409,54.364089369773865
percentile+hessian+otsu,0.24978759101545334,0.0,0.09929197005151114,0.1,1.0,48.4002988053124,0.9007080299484889,2823.0,198.95696151351365,55.73525953292847
clahe+hessian+otsu,0.2461352433215741,0.0,0.08711747773858025,0.1,1.0,48.07033961327231,0.9128825222614197,3804.0,173.47489658639734,55.39624011516571
none+hessian+otsu,0.225793571606742,0.0,0.1193119053558066,0.1,0.85,48.54113226107579,0.8806880946441934,4923.5,133.12205096076275,55.708940386772156
clahe+hessian+adaptive,0.0,0.0,0.0,0.0,0.0,0.0,0.0,0.0,0.0,55.39624011516571
clahe+hessian+pct85,0.0,0.0,0.0,0.0,0.0,0.0,0.0,0.0,0.0,55.39624011516571
percentile+hessian+adaptive,0.0,0.0,0.0,0.0,0.0,0.0,0.0,0.0,0.0,55.73525953292847
percentile+hessian+pct85,0.0,0.0,0.0,0.0,0.0,0.0,0.0,0.0,0.0,55.73525953292847
none+hessian+pct85,0.0,0.0,0.0,0.0,0.0,0.0,0.0,0.0,0.0,55.708940386772156
none+hessian+adaptive,0.0,0.0,0.0,0.0,0.0,0.0,0.0,0.0,0.0,55.708940386772156
