cell_id,scm_seed,transform_family,transform_class,level,transformation_seed,method,method_seed,expected_output_path
s0-A1-seeded-pc-pearson,0,A1,INSIDE_E_CRL,seeded,100000,PC-Pearson,200000,results/cells/s0-A1-seeded-pc-pearson.json
s0-A1-seeded-pc-nonparanormal-preproc,0,A1,INSIDE_E_CRL,seeded,100000,PC-nonparanormal-preproc,200001,results/cells/s0-A1-seeded-pc-nonparanormal-preproc.json
s0-B-0p25-pc-pearson,0,B,INSIDE_E_CRL,0.25,100000,PC-Pearson,200000,results/cells/s0-B-0p25-pc-pearson.json
s0-B-0p25-pc-nonparanormal-preproc,0,B,INSIDE_E_CRL,0.25,100000,PC-nonparanormal-preproc,200001,results/cells/s0-B-0p25-pc-nonparanormal-preproc.json
s0-B-0p5-pc-pearson,0,B,INSIDE_E_CRL,0.5,100001,PC-Pearson,200000,results/cells/s0-B-0p5-pc-pearson.json
s0-B-0p5-pc-nonparanormal-preproc,0,B,INSIDE_E_CRL,0.5,100001,PC-nonparanormal-preproc,200001,results/cells/s0-B-0p5-pc-nonparanormal-preproc.json
s0-B-2p0-pc-pearson,0,B,INSIDE_E_CRL,2.0,100002,PC-Pearson,200000,results/cells/s0-B-2p0-pc-pearson.json
s0-B-2p0-pc-nonparanormal-preproc,0,B,INSIDE_E_CRL,2.0,100002,PC-nonparanormal-preproc,200001,results/cells/s0-B-2p0-pc-nonparanormal-preproc.json
s0-B-4p0-pc-pearson,0,B,INSIDE_E_CRL,4.0,100003,PC-Pearson,200000,results/cells/s0-B-4p0-pc-pearson.json
s0-B-4p0-pc-nonparanormal-preproc,0,B,INSIDE_E_CRL,4.0,100003,PC-nonparanormal-preproc,200001,results/cells/s0-B-4p0-pc-nonparanormal-preproc.json
s0-C-0p0-pc-pearson,0,C,INSIDE_E_CRL,0.0,100000,PC-Pearson,200000,results/cells/s0-C-0p0-pc-pearson.json
s0-C-0p0-pc-nonparanormal-preproc,0,C,INSIDE_E_CRL,0.0,100000,PC-nonparanormal-preproc,200001,results/cells/s0-C-0p0-pc-nonparanormal-preproc.json
s0-C-0p05-pc-pearson,0,C,INSIDE_E_CRL,0.05,100001,PC-Pearson,200000,results/cells/s0-C-0p05-pc-pearson.json
s0-C-0p05-pc-nonparanormal-preproc,0,C,INSIDE_E_CRL,0.05,100001,PC-nonparanormal-preproc,200001,results/cells/s0-C-0p05-pc-nonparanormal-preproc.json
s0-C-0p1-pc-pearson,0,C,INSIDE_E_CRL,0.1,100002,PC-Pearson,200000,results/cells/s0-C-0p1-pc-pearson.json
s0-C-0p1-pc-nonparanormal-preproc,0,C,INSIDE_E_CRL,0.1,100002,PC-nonparanormal-preproc,200001,results/cells/s0-C-0p1-pc-nonparanormal-preproc.json
s0-C-0p25-pc-pearson,0,C,INSIDE_E_CRL,0.25,100003,PC-Pearson,200000,results/cells/s0-C-0p25-pc-pearson.json
s0-C-0p25-pc-nonparanormal-preproc,0,C,INSIDE_E_CRL,0.25,100003,PC-nonparanormal-preproc,200001,results/cells/s0-C-0p25-pc-nonparanormal-preproc.json
s0-C-0p5-pc-pearson,0,C,INSIDE_E_CRL,0.5,100004,PC-Pearson,200000,results/cells/s0-C-0p5-pc-pearson.json
s0-C-0p5-pc-nonparanormal-preproc,0,C,INSIDE_E_CRL,0.5,100004,PC-nonparanormal-preproc,200001,results/cells/s0-C-0p5-pc-nonparanormal-preproc.json
s0-C-1p0-pc-pearson,0,C,INSIDE_E_CRL,1.0,100005,PC-Pearson,200000,results/cells/s0-C-1p0-pc-pearson.json
s0-C-1p0-pc-nonparanormal-preproc,0,C,INSIDE_E_CRL,1.0,100005,PC-nonparanormal-preproc,200001,results/cells/s0-C-1p0-pc-nonparanormal-preproc.json
s0-C-2p0-pc-pearson,0,C,INSIDE_E_CRL,2.0,100006,PC-Pearson,200000,results/cells/s0-C-2p0-pc-pearson.json
s0-C-2p0-pc-nonparanormal-preproc,0,C,INSIDE_E_CRL,2.0,100006,PC-nonparanormal-preproc,200001,results/cells/s0-C-2p0-pc-nonparanormal-preproc.json
s0-D-0p05-pc-pearson,0,D,BOUNDARY,0.05,100000,PC-Pearson,200000,results/cells/s0-D-0p05-pc-pearson.json
s0-D-0p05-pc-nonparanormal-preproc,0,D,BOUNDARY,0.05,100000,PC-nonparanormal-preproc,200001,results/cells/s0-D-0p05-pc-nonparanormal-preproc.json
s0-D-0p1-pc-pearson,0,D,BOUNDARY,0.1,100001,PC-Pearson,200000,results/cells/s0-D-0p1-pc-pearson.json
s0-D-0p1-pc-nonparanormal-preproc,0,D,BOUNDARY,0.1,100001,PC-nonparanormal-preproc,200001,results/cells/s0-D-0p1-pc-nonparanormal-preproc.json
s0-D-0p25-pc-pearson,0,D,BOUNDARY,0.25,100002,PC-Pearson,200000,results/cells/s0-D-0p25-pc-pearson.json
s0-D-0p25-pc-nonparanormal-preproc,0,D,BOUNDARY,0.25,100002,PC-nonparanormal-preproc,200001,results/cells/s0-D-0p25-pc-nonparanormal-preproc.json
s0-D-0p5-pc-pearson,0,D,BOUNDARY,0.5,100003,PC-Pearson,200000,results/cells/s0-D-0p5-pc-pearson.json
s0-D-0p5-pc-nonparanormal-preproc,0,D,BOUNDARY,0.5,100003,PC-nonparanormal-preproc,200001,results/cells/s0-D-0p5-pc-nonparanormal-preproc.json
s0-D-1p0-pc-pearson,0,D,BOUNDARY,1.0,100004,PC-Pearson,200000,results/cells/s0-D-1p0-pc-pearson.json
s0-D-1p0-pc-nonparanormal-preproc,0,D,BOUNDARY,1.0,100004,PC-nonparanormal-preproc,200001,results/cells/s0-D-1p0-pc-nonparanormal-preproc.json
s0-E-0p05-pc-pearson,0,E,CORRUPTION_CONTROL,0.05,100000,PC-Pearson,200000,results/cells/s0-E-0p05-pc-pearson.json
s0-E-0p05-pc-nonparanormal-preproc,0,E,CORRUPTION_CONTROL,0.05,100000,PC-nonparanormal-preproc,200001,results/cells/s0-E-0p05-pc-nonparanormal-preproc.json
s0-E-0p1-pc-pearson,0,E,CORRUPTION_CONTROL,0.1,100001,PC-Pearson,200000,results/cells/s0-E-0p1-pc-pearson.json
s0-E-0p1-pc-nonparanormal-preproc,0,E,CORRUPTION_CONTROL,0.1,100001,PC-nonparanormal-preproc,200001,results/cells/s0-E-0p1-pc-nonparanormal-preproc.json
s0-E-0p25-pc-pearson,0,E,CORRUPTION_CONTROL,0.25,100002,PC-Pearson,200000,results/cells/s0-E-0p25-pc-pearson.json
s0-E-0p25-pc-nonparanormal-preproc,0,E,CORRUPTION_CONTROL,0.25,100002,PC-nonparanormal-preproc,200001,results/cells/s0-E-0p25-pc-nonparanormal-preproc.json
s0-E-0p5-pc-pearson,0,E,CORRUPTION_CONTROL,0.5,100003,PC-Pearson,200000,results/cells/s0-E-0p5-pc-pearson.json
s0-E-0p5-pc-nonparanormal-preproc,0,E,CORRUPTION_CONTROL,0.5,100003,PC-nonparanormal-preproc,200001,results/cells/s0-E-0p5-pc-nonparanormal-preproc.json
s0-E-1p0-pc-pearson,0,E,CORRUPTION_CONTROL,1.0,100004,PC-Pearson,200000,results/cells/s0-E-1p0-pc-pearson.json
s0-E-1p0-pc-nonparanormal-preproc,0,E,CORRUPTION_CONTROL,1.0,100004,PC-nonparanormal-preproc,200001,results/cells/s0-E-1p0-pc-nonparanormal-preproc.json
s1-A1-seeded-pc-pearson,1,A1,INSIDE_E_CRL,seeded,101000,PC-Pearson,201000,results/cells/s1-A1-seeded-pc-pearson.json
s1-A1-seeded-pc-nonparanormal-preproc,1,A1,INSIDE_E_CRL,seeded,101000,PC-nonparanormal-preproc,201001,results/cells/s1-A1-seeded-pc-nonparanormal-preproc.json
s1-B-0p25-pc-pearson,1,B,INSIDE_E_CRL,0.25,101000,PC-Pearson,201000,results/cells/s1-B-0p25-pc-pearson.json
s1-B-0p25-pc-nonparanormal-preproc,1,B,INSIDE_E_CRL,0.25,101000,PC-nonparanormal-preproc,201001,results/cells/s1-B-0p25-pc-nonparanormal-preproc.json
s1-B-0p5-pc-pearson,1,B,INSIDE_E_CRL,0.5,101001,PC-Pearson,201000,results/cells/s1-B-0p5-pc-pearson.json
s1-B-0p5-pc-nonparanormal-preproc,1,B,INSIDE_E_CRL,0.5,101001,PC-nonparanormal-preproc,201001,results/cells/s1-B-0p5-pc-nonparanormal-preproc.json
s1-B-2p0-pc-pearson,1,B,INSIDE_E_CRL,2.0,101002,PC-Pearson,201000,results/cells/s1-B-2p0-pc-pearson.json
s1-B-2p0-pc-nonparanormal-preproc,1,B,INSIDE_E_CRL,2.0,101002,PC-nonparanormal-preproc,201001,results/cells/s1-B-2p0-pc-nonparanormal-preproc.json
s1-B-4p0-pc-pearson,1,B,INSIDE_E_CRL,4.0,101003,PC-Pearson,201000,results/cells/s1-B-4p0-pc-pearson.json
s1-B-4p0-pc-nonparanormal-preproc,1,B,INSIDE_E_CRL,4.0,101003,PC-nonparanormal-preproc,201001,results/cells/s1-B-4p0-pc-nonparanormal-preproc.json
s1-C-0p0-pc-pearson,1,C,INSIDE_E_CRL,0.0,101000,PC-Pearson,201000,results/cells/s1-C-0p0-pc-pearson.json
s1-C-0p0-pc-nonparanormal-preproc,1,C,INSIDE_E_CRL,0.0,101000,PC-nonparanormal-preproc,201001,results/cells/s1-C-0p0-pc-nonparanormal-preproc.json
s1-C-0p05-pc-pearson,1,C,INSIDE_E_CRL,0.05,101001,PC-Pearson,201000,results/cells/s1-C-0p05-pc-pearson.json
s1-C-0p05-pc-nonparanormal-preproc,1,C,INSIDE_E_CRL,0.05,101001,PC-nonparanormal-preproc,201001,results/cells/s1-C-0p05-pc-nonparanormal-preproc.json
s1-C-0p1-pc-pearson,1,C,INSIDE_E_CRL,0.1,101002,PC-Pearson,201000,results/cells/s1-C-0p1-pc-pearson.json
s1-C-0p1-pc-nonparanormal-preproc,1,C,INSIDE_E_CRL,0.1,101002,PC-nonparanormal-preproc,201001,results/cells/s1-C-0p1-pc-nonparanormal-preproc.json
s1-C-0p25-pc-pearson,1,C,INSIDE_E_CRL,0.25,101003,PC-Pearson,201000,results/cells/s1-C-0p25-pc-pearson.json
s1-C-0p25-pc-nonparanormal-preproc,1,C,INSIDE_E_CRL,0.25,101003,PC-nonparanormal-preproc,201001,results/cells/s1-C-0p25-pc-nonparanormal-preproc.json
s1-C-0p5-pc-pearson,1,C,INSIDE_E_CRL,0.5,101004,PC-Pearson,201000,results/cells/s1-C-0p5-pc-pearson.json
s1-C-0p5-pc-nonparanormal-preproc,1,C,INSIDE_E_CRL,0.5,101004,PC-nonparanormal-preproc,201001,results/cells/s1-C-0p5-pc-nonparanormal-preproc.json
s1-C-1p0-pc-pearson,1,C,INSIDE_E_CRL,1.0,101005,PC-Pearson,201000,results/cells/s1-C-1p0-pc-pearson.json
s1-C-1p0-pc-nonparanormal-preproc,1,C,INSIDE_E_CRL,1.0,101005,PC-nonparanormal-preproc,201001,results/cells/s1-C-1p0-pc-nonparanormal-preproc.json
s1-C-2p0-pc-pearson,1,C,INSIDE_E_CRL,2.0,101006,PC-Pearson,201000,results/cells/s1-C-2p0-pc-pearson.json
s1-C-2p0-pc-nonparanormal-preproc,1,C,INSIDE_E_CRL,2.0,101006,PC-nonparanormal-preproc,201001,results/cells/s1-C-2p0-pc-nonparanormal-preproc.json
s1-D-0p05-pc-pearson,1,D,BOUNDARY,0.05,101000,PC-Pearson,201000,results/cells/s1-D-0p05-pc-pearson.json
s1-D-0p05-pc-nonparanormal-preproc,1,D,BOUNDARY,0.05,101000,PC-nonparanormal-preproc,201001,results/cells/s1-D-0p05-pc-nonparanormal-preproc.json
s1-D-0p1-pc-pearson,1,D,BOUNDARY,0.1,101001,PC-Pearson,201000,results/cells/s1-D-0p1-pc-pearson.json
s1-D-0p1-pc-nonparanormal-preproc,1,D,BOUNDARY,0.1,101001,PC-nonparanormal-preproc,201001,results/cells/s1-D-0p1-pc-nonparanormal-preproc.json
s1-D-0p25-pc-pearson,1,D,BOUNDARY,0.25,101002,PC-Pearson,201000,results/cells/s1-D-0p25-pc-pearson.json
s1-D-0p25-pc-nonparanormal-preproc,1,D,BOUNDARY,0.25,101002,PC-nonparanormal-preproc,201001,results/cells/s1-D-0p25-pc-nonparanormal-preproc.json
s1-D-0p5-pc-pearson,1,D,BOUNDARY,0.5,101003,PC-Pearson,201000,results/cells/s1-D-0p5-pc-pearson.json
s1-D-0p5-pc-nonparanormal-preproc,1,D,BOUNDARY,0.5,101003,PC-nonparanormal-preproc,201001,results/cells/s1-D-0p5-pc-nonparanormal-preproc.json
s1-D-1p0-pc-pearson,1,D,BOUNDARY,1.0,101004,PC-Pearson,201000,results/cells/s1-D-1p0-pc-pearson.json
s1-D-1p0-pc-nonparanormal-preproc,1,D,BOUNDARY,1.0,101004,PC-nonparanormal-preproc,201001,results/cells/s1-D-1p0-pc-nonparanormal-preproc.json
s1-E-0p05-pc-pearson,1,E,CORRUPTION_CONTROL,0.05,101000,PC-Pearson,201000,results/cells/s1-E-0p05-pc-pearson.json
s1-E-0p05-pc-nonparanormal-preproc,1,E,CORRUPTION_CONTROL,0.05,101000,PC-nonparanormal-preproc,201001,results/cells/s1-E-0p05-pc-nonparanormal-preproc.json
s1-E-0p1-pc-pearson,1,E,CORRUPTION_CONTROL,0.1,101001,PC-Pearson,201000,results/cells/s1-E-0p1-pc-pearson.json
s1-E-0p1-pc-nonparanormal-preproc,1,E,CORRUPTION_CONTROL,0.1,101001,PC-nonparanormal-preproc,201001,results/cells/s1-E-0p1-pc-nonparanormal-preproc.json
s1-E-0p25-pc-pearson,1,E,CORRUPTION_CONTROL,0.25,101002,PC-Pearson,201000,results/cells/s1-E-0p25-pc-pearson.json
s1-E-0p25-pc-nonparanormal-preproc,1,E,CORRUPTION_CONTROL,0.25,101002,PC-nonparanormal-preproc,201001,results/cells/s1-E-0p25-pc-nonparanormal-preproc.json
s1-E-0p5-pc-pearson,1,E,CORRUPTION_CONTROL,0.5,101003,PC-Pearson,201000,results/cells/s1-E-0p5-pc-pearson.json
s1-E-0p5-pc-nonparanormal-preproc,1,E,CORRUPTION_CONTROL,0.5,101003,PC-nonparanormal-preproc,201001,results/cells/s1-E-0p5-pc-nonparanormal-preproc.json
s1-E-1p0-pc-pearson,1,E,CORRUPTION_CONTROL,1.0,101004,PC-Pearson,201000,results/cells/s1-E-1p0-pc-pearson.json
s1-E-1p0-pc-nonparanormal-preproc,1,E,CORRUPTION_CONTROL,1.0,101004,PC-nonparanormal-preproc,201001,results/cells/s1-E-1p0-pc-nonparanormal-preproc.json
s2-A1-seeded-pc-pearson,2,A1,INSIDE_E_CRL,seeded,102000,PC-Pearson,202000,results/cells/s2-A1-seeded-pc-pearson.json
s2-A1-seeded-pc-nonparanormal-preproc,2,A1,INSIDE_E_CRL,seeded,102000,PC-nonparanormal-preproc,202001,results/cells/s2-A1-seeded-pc-nonparanormal-preproc.json
s2-B-0p25-pc-pearson,2,B,INSIDE_E_CRL,0.25,102000,PC-Pearson,202000,results/cells/s2-B-0p25-pc-pearson.json
s2-B-0p25-pc-nonparanormal-preproc,2,B,INSIDE_E_CRL,0.25,102000,PC-nonparanormal-preproc,202001,results/cells/s2-B-0p25-pc-nonparanormal-preproc.json
s2-B-0p5-pc-pearson,2,B,INSIDE_E_CRL,0.5,102001,PC-Pearson,202000,results/cells/s2-B-0p5-pc-pearson.json
s2-B-0p5-pc-nonparanormal-preproc,2,B,INSIDE_E_CRL,0.5,102001,PC-nonparanormal-preproc,202001,results/cells/s2-B-0p5-pc-nonparanormal-preproc.json
s2-B-2p0-pc-pearson,2,B,INSIDE_E_CRL,2.0,102002,PC-Pearson,202000,results/cells/s2-B-2p0-pc-pearson.json
s2-B-2p0-pc-nonparanormal-preproc,2,B,INSIDE_E_CRL,2.0,102002,PC-nonparanormal-preproc,202001,results/cells/s2-B-2p0-pc-nonparanormal-preproc.json
s2-B-4p0-pc-pearson,2,B,INSIDE_E_CRL,4.0,102003,PC-Pearson,202000,results/cells/s2-B-4p0-pc-pearson.json
s2-B-4p0-pc-nonparanormal-preproc,2,B,INSIDE_E_CRL,4.0,102003,PC-nonparanormal-preproc,202001,results/cells/s2-B-4p0-pc-nonparanormal-preproc.json
s2-C-0p0-pc-pearson,2,C,INSIDE_E_CRL,0.0,102000,PC-Pearson,202000,results/cells/s2-C-0p0-pc-pearson.json
s2-C-0p0-pc-nonparanormal-preproc,2,C,INSIDE_E_CRL,0.0,102000,PC-nonparanormal-preproc,202001,results/cells/s2-C-0p0-pc-nonparanormal-preproc.json
s2-C-0p05-pc-pearson,2,C,INSIDE_E_CRL,0.05,102001,PC-Pearson,202000,results/cells/s2-C-0p05-pc-pearson.json
s2-C-0p05-pc-nonparanormal-preproc,2,C,INSIDE_E_CRL,0.05,102001,PC-nonparanormal-preproc,202001,results/cells/s2-C-0p05-pc-nonparanormal-preproc.json
s2-C-0p1-pc-pearson,2,C,INSIDE_E_CRL,0.1,102002,PC-Pearson,202000,results/cells/s2-C-0p1-pc-pearson.json
s2-C-0p1-pc-nonparanormal-preproc,2,C,INSIDE_E_CRL,0.1,102002,PC-nonparanormal-preproc,202001,results/cells/s2-C-0p1-pc-nonparanormal-preproc.json
s2-C-0p25-pc-pearson,2,C,INSIDE_E_CRL,0.25,102003,PC-Pearson,202000,results/cells/s2-C-0p25-pc-pearson.json
s2-C-0p25-pc-nonparanormal-preproc,2,C,INSIDE_E_CRL,0.25,102003,PC-nonparanormal-preproc,202001,results/cells/s2-C-0p25-pc-nonparanormal-preproc.json
s2-C-0p5-pc-pearson,2,C,INSIDE_E_CRL,0.5,102004,PC-Pearson,202000,results/cells/s2-C-0p5-pc-pearson.json
s2-C-0p5-pc-nonparanormal-preproc,2,C,INSIDE_E_CRL,0.5,102004,PC-nonparanormal-preproc,202001,results/cells/s2-C-0p5-pc-nonparanormal-preproc.json
s2-C-1p0-pc-pearson,2,C,INSIDE_E_CRL,1.0,102005,PC-Pearson,202000,results/cells/s2-C-1p0-pc-pearson.json
s2-C-1p0-pc-nonparanormal-preproc,2,C,INSIDE_E_CRL,1.0,102005,PC-nonparanormal-preproc,202001,results/cells/s2-C-1p0-pc-nonparanormal-preproc.json
s2-C-2p0-pc-pearson,2,C,INSIDE_E_CRL,2.0,102006,PC-Pearson,202000,results/cells/s2-C-2p0-pc-pearson.json
s2-C-2p0-pc-nonparanormal-preproc,2,C,INSIDE_E_CRL,2.0,102006,PC-nonparanormal-preproc,202001,results/cells/s2-C-2p0-pc-nonparanormal-preproc.json
s2-D-0p05-pc-pearson,2,D,BOUNDARY,0.05,102000,PC-Pearson,202000,results/cells/s2-D-0p05-pc-pearson.json
s2-D-0p05-pc-nonparanormal-preproc,2,D,BOUNDARY,0.05,102000,PC-nonparanormal-preproc,202001,results/cells/s2-D-0p05-pc-nonparanormal-preproc.json
s2-D-0p1-pc-pearson,2,D,BOUNDARY,0.1,102001,PC-Pearson,202000,results/cells/s2-D-0p1-pc-pearson.json
s2-D-0p1-pc-nonparanormal-preproc,2,D,BOUNDARY,0.1,102001,PC-nonparanormal-preproc,202001,results/cells/s2-D-0p1-pc-nonparanormal-preproc.json
s2-D-0p25-pc-pearson,2,D,BOUNDARY,0.25,102002,PC-Pearson,202000,results/cells/s2-D-0p25-pc-pearson.json
s2-D-0p25-pc-nonparanormal-preproc,2,D,BOUNDARY,0.25,102002,PC-nonparanormal-preproc,202001,results/cells/s2-D-0p25-pc-nonparanormal-preproc.json
s2-D-0p5-pc-pearson,2,D,BOUNDARY,0.5,102003,PC-Pearson,202000,results/cells/s2-D-0p5-pc-pearson.json
s2-D-0p5-pc-nonparanormal-preproc,2,D,BOUNDARY,0.5,102003,PC-nonparanormal-preproc,202001,results/cells/s2-D-0p5-pc-nonparanormal-preproc.json
s2-D-1p0-pc-pearson,2,D,BOUNDARY,1.0,102004,PC-Pearson,202000,results/cells/s2-D-1p0-pc-pearson.json
s2-D-1p0-pc-nonparanormal-preproc,2,D,BOUNDARY,1.0,102004,PC-nonparanormal-preproc,202001,results/cells/s2-D-1p0-pc-nonparanormal-preproc.json
s2-E-0p05-pc-pearson,2,E,CORRUPTION_CONTROL,0.05,102000,PC-Pearson,202000,results/cells/s2-E-0p05-pc-pearson.json
s2-E-0p05-pc-nonparanormal-preproc,2,E,CORRUPTION_CONTROL,0.05,102000,PC-nonparanormal-preproc,202001,results/cells/s2-E-0p05-pc-nonparanormal-preproc.json
s2-E-0p1-pc-pearson,2,E,CORRUPTION_CONTROL,0.1,102001,PC-Pearson,202000,results/cells/s2-E-0p1-pc-pearson.json
s2-E-0p1-pc-nonparanormal-preproc,2,E,CORRUPTION_CONTROL,0.1,102001,PC-nonparanormal-preproc,202001,results/cells/s2-E-0p1-pc-nonparanormal-preproc.json
s2-E-0p25-pc-pearson,2,E,CORRUPTION_CONTROL,0.25,102002,PC-Pearson,202000,results/cells/s2-E-0p25-pc-pearson.json
s2-E-0p25-pc-nonparanormal-preproc,2,E,CORRUPTION_CONTROL,0.25,102002,PC-nonparanormal-preproc,202001,results/cells/s2-E-0p25-pc-nonparanormal-preproc.json
s2-E-0p5-pc-pearson,2,E,CORRUPTION_CONTROL,0.5,102003,PC-Pearson,202000,results/cells/s2-E-0p5-pc-pearson.json
s2-E-0p5-pc-nonparanormal-preproc,2,E,CORRUPTION_CONTROL,0.5,102003,PC-nonparanormal-preproc,202001,results/cells/s2-E-0p5-pc-nonparanormal-preproc.json
s2-E-1p0-pc-pearson,2,E,CORRUPTION_CONTROL,1.0,102004,PC-Pearson,202000,results/cells/s2-E-1p0-pc-pearson.json
s2-E-1p0-pc-nonparanormal-preproc,2,E,CORRUPTION_CONTROL,1.0,102004,PC-nonparanormal-preproc,202001,results/cells/s2-E-1p0-pc-nonparanormal-preproc.json
s3-A1-seeded-pc-pearson,3,A1,INSIDE_E_CRL,seeded,103000,PC-Pearson,203000,results/cells/s3-A1-seeded-pc-pearson.json
s3-A1-seeded-pc-nonparanormal-preproc,3,A1,INSIDE_E_CRL,seeded,103000,PC-nonparanormal-preproc,203001,results/cells/s3-A1-seeded-pc-nonparanormal-preproc.json
s3-B-0p25-pc-pearson,3,B,INSIDE_E_CRL,0.25,103000,PC-Pearson,203000,results/cells/s3-B-0p25-pc-pearson.json
s3-B-0p25-pc-nonparanormal-preproc,3,B,INSIDE_E_CRL,0.25,103000,PC-nonparanormal-preproc,203001,results/cells/s3-B-0p25-pc-nonparanormal-preproc.json
s3-B-0p5-pc-pearson,3,B,INSIDE_E_CRL,0.5,103001,PC-Pearson,203000,results/cells/s3-B-0p5-pc-pearson.json
s3-B-0p5-pc-nonparanormal-preproc,3,B,INSIDE_E_CRL,0.5,103001,PC-nonparanormal-preproc,203001,results/cells/s3-B-0p5-pc-nonparanormal-preproc.json
s3-B-2p0-pc-pearson,3,B,INSIDE_E_CRL,2.0,103002,PC-Pearson,203000,results/cells/s3-B-2p0-pc-pearson.json
s3-B-2p0-pc-nonparanormal-preproc,3,B,INSIDE_E_CRL,2.0,103002,PC-nonparanormal-preproc,203001,results/cells/s3-B-2p0-pc-nonparanormal-preproc.json
s3-B-4p0-pc-pearson,3,B,INSIDE_E_CRL,4.0,103003,PC-Pearson,203000,results/cells/s3-B-4p0-pc-pearson.json
s3-B-4p0-pc-nonparanormal-preproc,3,B,INSIDE_E_CRL,4.0,103003,PC-nonparanormal-preproc,203001,results/cells/s3-B-4p0-pc-nonparanormal-preproc.json
s3-C-0p0-pc-pearson,3,C,INSIDE_E_CRL,0.0,103000,PC-Pearson,203000,results/cells/s3-C-0p0-pc-pearson.json
s3-C-0p0-pc-nonparanormal-preproc,3,C,INSIDE_E_CRL,0.0,103000,PC-nonparanormal-preproc,203001,results/cells/s3-C-0p0-pc-nonparanormal-preproc.json
s3-C-0p05-pc-pearson,3,C,INSIDE_E_CRL,0.05,103001,PC-Pearson,203000,results/cells/s3-C-0p05-pc-pearson.json
s3-C-0p05-pc-nonparanormal-preproc,3,C,INSIDE_E_CRL,0.05,103001,PC-nonparanormal-preproc,203001,results/cells/s3-C-0p05-pc-nonparanormal-preproc.json
s3-C-0p1-pc-pearson,3,C,INSIDE_E_CRL,0.1,103002,PC-Pearson,203000,results/cells/s3-C-0p1-pc-pearson.json
s3-C-0p1-pc-nonparanormal-preproc,3,C,INSIDE_E_CRL,0.1,103002,PC-nonparanormal-preproc,203001,results/cells/s3-C-0p1-pc-nonparanormal-preproc.json
s3-C-0p25-pc-pearson,3,C,INSIDE_E_CRL,0.25,103003,PC-Pearson,203000,results/cells/s3-C-0p25-pc-pearson.json
s3-C-0p25-pc-nonparanormal-preproc,3,C,INSIDE_E_CRL,0.25,103003,PC-nonparanormal-preproc,203001,results/cells/s3-C-0p25-pc-nonparanormal-preproc.json
s3-C-0p5-pc-pearson,3,C,INSIDE_E_CRL,0.5,103004,PC-Pearson,203000,results/cells/s3-C-0p5-pc-pearson.json
s3-C-0p5-pc-nonparanormal-preproc,3,C,INSIDE_E_CRL,0.5,103004,PC-nonparanormal-preproc,203001,results/cells/s3-C-0p5-pc-nonparanormal-preproc.json
s3-C-1p0-pc-pearson,3,C,INSIDE_E_CRL,1.0,103005,PC-Pearson,203000,results/cells/s3-C-1p0-pc-pearson.json
s3-C-1p0-pc-nonparanormal-preproc,3,C,INSIDE_E_CRL,1.0,103005,PC-nonparanormal-preproc,203001,results/cells/s3-C-1p0-pc-nonparanormal-preproc.json
s3-C-2p0-pc-pearson,3,C,INSIDE_E_CRL,2.0,103006,PC-Pearson,203000,results/cells/s3-C-2p0-pc-pearson.json
s3-C-2p0-pc-nonparanormal-preproc,3,C,INSIDE_E_CRL,2.0,103006,PC-nonparanormal-preproc,203001,results/cells/s3-C-2p0-pc-nonparanormal-preproc.json
s3-D-0p05-pc-pearson,3,D,BOUNDARY,0.05,103000,PC-Pearson,203000,results/cells/s3-D-0p05-pc-pearson.json
s3-D-0p05-pc-nonparanormal-preproc,3,D,BOUNDARY,0.05,103000,PC-nonparanormal-preproc,203001,results/cells/s3-D-0p05-pc-nonparanormal-preproc.json
s3-D-0p1-pc-pearson,3,D,BOUNDARY,0.1,103001,PC-Pearson,203000,results/cells/s3-D-0p1-pc-pearson.json
s3-D-0p1-pc-nonparanormal-preproc,3,D,BOUNDARY,0.1,103001,PC-nonparanormal-preproc,203001,results/cells/s3-D-0p1-pc-nonparanormal-preproc.json
s3-D-0p25-pc-pearson,3,D,BOUNDARY,0.25,103002,PC-Pearson,203000,results/cells/s3-D-0p25-pc-pearson.json
s3-D-0p25-pc-nonparanormal-preproc,3,D,BOUNDARY,0.25,103002,PC-nonparanormal-preproc,203001,results/cells/s3-D-0p25-pc-nonparanormal-preproc.json
s3-D-0p5-pc-pearson,3,D,BOUNDARY,0.5,103003,PC-Pearson,203000,results/cells/s3-D-0p5-pc-pearson.json
s3-D-0p5-pc-nonparanormal-preproc,3,D,BOUNDARY,0.5,103003,PC-nonparanormal-preproc,203001,results/cells/s3-D-0p5-pc-nonparanormal-preproc.json
s3-D-1p0-pc-pearson,3,D,BOUNDARY,1.0,103004,PC-Pearson,203000,results/cells/s3-D-1p0-pc-pearson.json
s3-D-1p0-pc-nonparanormal-preproc,3,D,BOUNDARY,1.0,103004,PC-nonparanormal-preproc,203001,results/cells/s3-D-1p0-pc-nonparanormal-preproc.json
s3-E-0p05-pc-pearson,3,E,CORRUPTION_CONTROL,0.05,103000,PC-Pearson,203000,results/cells/s3-E-0p05-pc-pearson.json
s3-E-0p05-pc-nonparanormal-preproc,3,E,CORRUPTION_CONTROL,0.05,103000,PC-nonparanormal-preproc,203001,results/cells/s3-E-0p05-pc-nonparanormal-preproc.json
s3-E-0p1-pc-pearson,3,E,CORRUPTION_CONTROL,0.1,103001,PC-Pearson,203000,results/cells/s3-E-0p1-pc-pearson.json
s3-E-0p1-pc-nonparanormal-preproc,3,E,CORRUPTION_CONTROL,0.1,103001,PC-nonparanormal-preproc,203001,results/cells/s3-E-0p1-pc-nonparanormal-preproc.json
s3-E-0p25-pc-pearson,3,E,CORRUPTION_CONTROL,0.25,103002,PC-Pearson,203000,results/cells/s3-E-0p25-pc-pearson.json
s3-E-0p25-pc-nonparanormal-preproc,3,E,CORRUPTION_CONTROL,0.25,103002,PC-nonparanormal-preproc,203001,results/cells/s3-E-0p25-pc-nonparanormal-preproc.json
s3-E-0p5-pc-pearson,3,E,CORRUPTION_CONTROL,0.5,103003,PC-Pearson,203000,results/cells/s3-E-0p5-pc-pearson.json
s3-E-0p5-pc-nonparanormal-preproc,3,E,CORRUPTION_CONTROL,0.5,103003,PC-nonparanormal-preproc,203001,results/cells/s3-E-0p5-pc-nonparanormal-preproc.json
s3-E-1p0-pc-pearson,3,E,CORRUPTION_CONTROL,1.0,103004,PC-Pearson,203000,results/cells/s3-E-1p0-pc-pearson.json
s3-E-1p0-pc-nonparanormal-preproc,3,E,CORRUPTION_CONTROL,1.0,103004,PC-nonparanormal-preproc,203001,results/cells/s3-E-1p0-pc-nonparanormal-preproc.json
s4-A1-seeded-pc-pearson,4,A1,INSIDE_E_CRL,seeded,104000,PC-Pearson,204000,results/cells/s4-A1-seeded-pc-pearson.json
s4-A1-seeded-pc-nonparanormal-preproc,4,A1,INSIDE_E_CRL,seeded,104000,PC-nonparanormal-preproc,204001,results/cells/s4-A1-seeded-pc-nonparanormal-preproc.json
s4-B-0p25-pc-pearson,4,B,INSIDE_E_CRL,0.25,104000,PC-Pearson,204000,results/cells/s4-B-0p25-pc-pearson.json
s4-B-0p25-pc-nonparanormal-preproc,4,B,INSIDE_E_CRL,0.25,104000,PC-nonparanormal-preproc,204001,results/cells/s4-B-0p25-pc-nonparanormal-preproc.json
s4-B-0p5-pc-pearson,4,B,INSIDE_E_CRL,0.5,104001,PC-Pearson,204000,results/cells/s4-B-0p5-pc-pearson.json
s4-B-0p5-pc-nonparanormal-preproc,4,B,INSIDE_E_CRL,0.5,104001,PC-nonparanormal-preproc,204001,results/cells/s4-B-0p5-pc-nonparanormal-preproc.json
s4-B-2p0-pc-pearson,4,B,INSIDE_E_CRL,2.0,104002,PC-Pearson,204000,results/cells/s4-B-2p0-pc-pearson.json
s4-B-2p0-pc-nonparanormal-preproc,4,B,INSIDE_E_CRL,2.0,104002,PC-nonparanormal-preproc,204001,results/cells/s4-B-2p0-pc-nonparanormal-preproc.json
s4-B-4p0-pc-pearson,4,B,INSIDE_E_CRL,4.0,104003,PC-Pearson,204000,results/cells/s4-B-4p0-pc-pearson.json
s4-B-4p0-pc-nonparanormal-preproc,4,B,INSIDE_E_CRL,4.0,104003,PC-nonparanormal-preproc,204001,results/cells/s4-B-4p0-pc-nonparanormal-preproc.json
s4-C-0p0-pc-pearson,4,C,INSIDE_E_CRL,0.0,104000,PC-Pearson,204000,results/cells/s4-C-0p0-pc-pearson.json
s4-C-0p0-pc-nonparanormal-preproc,4,C,INSIDE_E_CRL,0.0,104000,PC-nonparanormal-preproc,204001,results/cells/s4-C-0p0-pc-nonparanormal-preproc.json
s4-C-0p05-pc-pearson,4,C,INSIDE_E_CRL,0.05,104001,PC-Pearson,204000,results/cells/s4-C-0p05-pc-pearson.json
s4-C-0p05-pc-nonparanormal-preproc,4,C,INSIDE_E_CRL,0.05,104001,PC-nonparanormal-preproc,204001,results/cells/s4-C-0p05-pc-nonparanormal-preproc.json
s4-C-0p1-pc-pearson,4,C,INSIDE_E_CRL,0.1,104002,PC-Pearson,204000,results/cells/s4-C-0p1-pc-pearson.json
s4-C-0p1-pc-nonparanormal-preproc,4,C,INSIDE_E_CRL,0.1,104002,PC-nonparanormal-preproc,204001,results/cells/s4-C-0p1-pc-nonparanormal-preproc.json
s4-C-0p25-pc-pearson,4,C,INSIDE_E_CRL,0.25,104003,PC-Pearson,204000,results/cells/s4-C-0p25-pc-pearson.json
s4-C-0p25-pc-nonparanormal-preproc,4,C,INSIDE_E_CRL,0.25,104003,PC-nonparanormal-preproc,204001,results/cells/s4-C-0p25-pc-nonparanormal-preproc.json
s4-C-0p5-pc-pearson,4,C,INSIDE_E_CRL,0.5,104004,PC-Pearson,204000,results/cells/s4-C-0p5-pc-pearson.json
s4-C-0p5-pc-nonparanormal-preproc,4,C,INSIDE_E_CRL,0.5,104004,PC-nonparanormal-preproc,204001,results/cells/s4-C-0p5-pc-nonparanormal-preproc.json
s4-C-1p0-pc-pearson,4,C,INSIDE_E_CRL,1.0,104005,PC-Pearson,204000,results/cells/s4-C-1p0-pc-pearson.json
s4-C-1p0-pc-nonparanormal-preproc,4,C,INSIDE_E_CRL,1.0,104005,PC-nonparanormal-preproc,204001,results/cells/s4-C-1p0-pc-nonparanormal-preproc.json
s4-C-2p0-pc-pearson,4,C,INSIDE_E_CRL,2.0,104006,PC-Pearson,204000,results/cells/s4-C-2p0-pc-pearson.json
s4-C-2p0-pc-nonparanormal-preproc,4,C,INSIDE_E_CRL,2.0,104006,PC-nonparanormal-preproc,204001,results/cells/s4-C-2p0-pc-nonparanormal-preproc.json
s4-D-0p05-pc-pearson,4,D,BOUNDARY,0.05,104000,PC-Pearson,204000,results/cells/s4-D-0p05-pc-pearson.json
s4-D-0p05-pc-nonparanormal-preproc,4,D,BOUNDARY,0.05,104000,PC-nonparanormal-preproc,204001,results/cells/s4-D-0p05-pc-nonparanormal-preproc.json
s4-D-0p1-pc-pearson,4,D,BOUNDARY,0.1,104001,PC-Pearson,204000,results/cells/s4-D-0p1-pc-pearson.json
s4-D-0p1-pc-nonparanormal-preproc,4,D,BOUNDARY,0.1,104001,PC-nonparanormal-preproc,204001,results/cells/s4-D-0p1-pc-nonparanormal-preproc.json
s4-D-0p25-pc-pearson,4,D,BOUNDARY,0.25,104002,PC-Pearson,204000,results/cells/s4-D-0p25-pc-pearson.json
s4-D-0p25-pc-nonparanormal-preproc,4,D,BOUNDARY,0.25,104002,PC-nonparanormal-preproc,204001,results/cells/s4-D-0p25-pc-nonparanormal-preproc.json
s4-D-0p5-pc-pearson,4,D,BOUNDARY,0.5,104003,PC-Pearson,204000,results/cells/s4-D-0p5-pc-pearson.json
s4-D-0p5-pc-nonparanormal-preproc,4,D,BOUNDARY,0.5,104003,PC-nonparanormal-preproc,204001,results/cells/s4-D-0p5-pc-nonparanormal-preproc.json
s4-D-1p0-pc-pearson,4,D,BOUNDARY,1.0,104004,PC-Pearson,204000,results/cells/s4-D-1p0-pc-pearson.json
s4-D-1p0-pc-nonparanormal-preproc,4,D,BOUNDARY,1.0,104004,PC-nonparanormal-preproc,204001,results/cells/s4-D-1p0-pc-nonparanormal-preproc.json
s4-E-0p05-pc-pearson,4,E,CORRUPTION_CONTROL,0.05,104000,PC-Pearson,204000,results/cells/s4-E-0p05-pc-pearson.json
s4-E-0p05-pc-nonparanormal-preproc,4,E,CORRUPTION_CONTROL,0.05,104000,PC-nonparanormal-preproc,204001,results/cells/s4-E-0p05-pc-nonparanormal-preproc.json
s4-E-0p1-pc-pearson,4,E,CORRUPTION_CONTROL,0.1,104001,PC-Pearson,204000,results/cells/s4-E-0p1-pc-pearson.json
s4-E-0p1-pc-nonparanormal-preproc,4,E,CORRUPTION_CONTROL,0.1,104001,PC-nonparanormal-preproc,204001,results/cells/s4-E-0p1-pc-nonparanormal-preproc.json
s4-E-0p25-pc-pearson,4,E,CORRUPTION_CONTROL,0.25,104002,PC-Pearson,204000,results/cells/s4-E-0p25-pc-pearson.json
s4-E-0p25-pc-nonparanormal-preproc,4,E,CORRUPTION_CONTROL,0.25,104002,PC-nonparanormal-preproc,204001,results/cells/s4-E-0p25-pc-nonparanormal-preproc.json
s4-E-0p5-pc-pearson,4,E,CORRUPTION_CONTROL,0.5,104003,PC-Pearson,204000,results/cells/s4-E-0p5-pc-pearson.json
s4-E-0p5-pc-nonparanormal-preproc,4,E,CORRUPTION_CONTROL,0.5,104003,PC-nonparanormal-preproc,204001,results/cells/s4-E-0p5-pc-nonparanormal-preproc.json
s4-E-1p0-pc-pearson,4,E,CORRUPTION_CONTROL,1.0,104004,PC-Pearson,204000,results/cells/s4-E-1p0-pc-pearson.json
s4-E-1p0-pc-nonparanormal-preproc,4,E,CORRUPTION_CONTROL,1.0,104004,PC-nonparanormal-preproc,204001,results/cells/s4-E-1p0-pc-nonparanormal-preproc.json
